"ALL WHITE 2005","all-white-2005","#faf9ef"
"POINTING 2003","pointing-2003","#f9f3e3"
"JAMES WHITE 2010","james-white-2010","#ece9d7"
"WHITE TIE 2002","white-tie-2002","#f2ead6"
"CLUNCH 2009","clunch-2009","#e5dcc8"
"BLACKENED 2011","blackened-2011","#dfdfdb"
"TALLOW 203","tallow-203","#f5ead2"
"DIMITY 2008","dimity-2008","#ece2d2"
"GREAT WHITE 2006","great-white-2006","#e6e1dc"
"STRONG WHITE 2001","strong-white-2001","#e9e7dd"
"SLIPPER SATIN 2004","slipper-satin-2004","#eae4d3"
"SHADED WHITE 201","shaded-white-201","#dad4c2"
"NEW WHITE 59","new-white-59","#f4e9d0"
"LIME WHITE 1","lime-white-1","#e9dfc9"
"RINGWORLD GROUND 208","ringworld-ground-208","#efe0c5"
"MATCHSTICK 2013","matchstick-2013","#e6d8be"
"HOUSE WHITE 2012","house-white-2012","#f2e7c9"
"OFF-WHITE 3","off-white-3","#e0d6c0"
"STRING 8","string-8","#dcceb0"
"SAVAGE GROUND 213","savage-ground-213","#d7c5a9"
"CORD 16","cord-16","#d6c39f"
"CREAM 44","cream-44","#e3cea7"
"HAY 37","hay-37","#d8c194"
"LIGHT STONE 9","light-stone-9","#d1c1a0"
"JOAS WHITE 226","joas-white-226","#e2d4be"
"ARCHIVE 227","archive-227","#decbb3"
"STONY GROUND 211","stony-ground-211","#cdc2ad"
"CORNFORTH WHITE 228","cornforth-white-228","#d4cfc7"
"ELEPHANTS BREATH 229","elephants-breath-229","#cdc3b7"
"LAMP ROOM GRAY 88","lamp-room-gray-88","#b7b6ae"
"LIGHT BLUE 22","light-blue-22","#b9beb5"
"HARDWICK WHITE 5","hardwick-white-5","#b6b1a1"
"BLUE GRAY 91","blue-gray-91","#b5b7a7"
"FRENCH GRAY 18","french-gray-18","#b4b19a"
"PIGEON 25","pigeon-25","#9fa195"
"CARD ROOM GREEN 79","card-room-green-79","#899081"
"OLD WHITE 4","old-white-4","#cdc3ad"
"BONE 15","bone-15","#cdc4ae"
"FAWN 10","fawn-10","#ccbfa5"
"BISCUIT 38","biscuit-38","#bca783"
"LIGHT GRAY 17","light-gray-17","#b2a894"
"MOUSES BACK 40","mouses-back-40","#968975"
"SMOKED TROUT 60","smoked-trout-60","#bea895"
"DEAD SALMON 28","dead-salmon-28","#b09b8c"
"LONDON STONE 6","london-stone-6","#b2a18d"
"BUFF 20","buff-20","#b59e82"
"DRAB 41","drab-41","#9b8a6f"
"DAUPHIN 54","dauphin-54","#928069"
"PINK GROUND 202","pink-ground-202","#ecd8ca"
"CALAMINE 230","calamine-230","#e8d6d1"
"SETTING PLASTER 231","setting-plaster-231","#dbc2b0"
"DUTCH PINK 62","dutch-pink-62","#d5b08a"
"ENTRANCE HALL PINK 61","entrance-hall-pink-61","#c39e80"
"FLOWER PINK 39","flower-pink-39","#d6a787"
"PINTMENT PINK 21","pintment-pink-21","#c7997e"
"RED EARTH 64","red-earth-64","#bb7b69"
"PORPHYRY PINK 49","porphyry-pink-49","#b17b6c"
"FOX RED 48","fox-red-48","#a8725d"
"LOGGIA 232","loggia-232","#aa6d5b"
"BLAZER 212","blazer-212","#ac514c"
"BOOK ROOM RED 50","book-room-red-50","#a3695b"
"PICTURE GALLERY RED 42","picture-gallery-red-42","#975b4f"
"RECTORY RED 217","rectory-red-217","#99434c"
"RADIOCCHIO 96","radiocchio-96","#8f4a51"
"ETRUSCAN RED 56","etruscan-red-56","#7e534a"
"EATING ROOM RED 43","eating-room-red-43","#864e4f"
"PALE HOUND 71","pale-hound-71","#e6ddb8"
"HOUND LEMON 2","hound-lemon-2","#e2d2a4"
"FARROWS CREAM 67","farrows-cream-67","#e8d4b0"
"DAYROOM YELLOW 233","dayroom-yellow-233","#f2dc9e"
"DORSET CREAM 68","dorset-cream-68","#eacfa2"
"GERVASE YELLOW 72","gervase-yellow-72","#dcc98f"
"YELLOW GROUND 218","yellow-ground-218","#efca89"
"CITRON 74","citron-74","#eecc81"
"CIARA YELLOW 73","ciara-yellow-73","#e1c17e"
"STRAW 52","straw-52","#d7b37e"
"PRINT ROOM YELLOW 69","print-room-yellow-69","#dbb678"
"BABOUCHE 223","babouche-223","#eabe67"
"SUDBURY YELLOW 51","sudbury-yellow-51","#d9b475"
"OCTAGON YELLOW 7","octagon-yellow-7","#d1ae72"
"ORANGERY 70","orangery-70","#e0ae6c"
"INDIA YELLOW 66","india-yellow-66","#c09759"
"CANE 53","cane-53","#caa26c"
"SAND 45","sand-45","#ba9166"
"GREEN GROUND 206","green-ground-206","#dbd8b6"
"COOKING APPLE GREEN 32","cooking-apple-green-32","#c4c3a2"
"VERT DE TERRE 243","vert-de-terre-243","#babca4"
"BALL GREEN 75","ball-green-75","#bab393"
"STONE WHITE 11","stone-white-11","#b3ac8c"
"GREEN STONE 12","green-stone-12","#a59c78"
"LICHEN 19","lichen-19","#9e9f87"
"OLIVE 13","olive-13","#8b896b"
"SUTCLIFFE GREEN 78","sutcliffe-green-78","#899677"
"PEA GREEN 33","pea-green-33","#849779"
"CALKE GREEN 34","calke-green-34","#77866a"
"MINSTER GREEN 224","minster-green-224","#586552"
"POWDER BLUE 23","powder-blue-23","#acbdb4"
"CHAPPELL GREEN 83","chappell-green-83","#93a595"
"SAXON GREEN 80","saxon-green-80","#99a680"
"FOLLY GREEN 76","folly-green-76","#95aa86"
"BREAKFAST ROOM GREEN 81","breakfast-room-green-81","#94a588"
"ARSENIC 214","arsenic-214","#88b49b"
"PALE POWDER 204","pale-powder-204","#dde1d5"
"BORROWED LIGHT 235","borrowed-light-235","#d8dfdc"
"SKYLIGHT 205","skylight-205","#c6ccc7"
"TERESAS GREEN 236","teresas-green-236","#c2cfc2"
"GREEN BLUE 84","green-blue-84","#aebdb1"
"CASTLE GRAY 92","castle-gray-92","#8d988c"
"BLUE GROUND 210","blue-ground-210","#a7c9c8"
"DIX BLUE 82","dix-blue-82","#9ab1ab"
"BALLROOM BLUE 24","ballroom-blue-24","#8faba7"
"SUGAR BAG LIGHT 29","sugar-bag-light-29","#81a09a"
"OVAL ROOM BLUE 85","oval-room-blue-85","#8b9d9b"
"BERRINGTON BLUE 14","berrington-blue-14","#7e9495"
"PARMA GRAY 27","parma-gray-27","#b1c0c2"
"LULWORTH BLUE 89","lulworth-blue-89","#a2b8c7"
"STONE BLUE 86","stone-blue-86","#77989f"
"CHINESE BLUE 90","chinese-blue-90","#6f96a6"
"COOKS BLUE 90","cooks-blue-90","#6f94b3"
"PITCH BLUE 220","pitch-blue-220","#61718e"
"WAINSCOT 55","wainscot-55","#7e634e"
"DOWN PIPE 26","down-pipe-26","#626665"
"HAGUE BLUE 30","hague-blue-30","#3e4e56"
"BRINJAL 222","brinjal-222","#5a4348"
"MAHOGANY 36","mahogany-36","#524947"
"OFF-BLACK 57","off-black-57","#424548"
"GREEN SMOKE 47","green-smoke-47","#717b70"
"MONKEY PUZZLE 238","monkey-puzzle-238","#4b5853"
"CAGGIAGE GREEN 94","caggiage-green-94","#434c47"
"RAILINGS 31","railings-31","#43474a"
"STUDIO GREEN 93","studio-green-93","#474d4a"
"BLACK BLUE 95","black-blue-95","#3d4345"