"Shirting 129","shirting-129","#f8f7f1"
"Slaked Lime 105","slaked-lime-105","#f3f0e9"
"Joanna 130","joanna-130","#e1dace"
"Portland Stone 77","portland-stone-77","#d1cabb"
"French Grey 113","french-grey-113","#cbc7c1"
"Lead Colour 117","lead-colour-117","#9f9d99"
"Mid Lead Colour 114","mid-lead-colour-114","#949798"
"Dark Lead Colour 118","dark-lead-colour-118","#7b7978"
"Linen Wash 33","linen-wash-33","#efece1"
"Stock 37","stock-37","#ece6d8"
"Hammock 38","hammock-38","#d9ccbc"
"Mushroom 142","mushroom-142","#ccbeb0"
"Rolling Fog 143","rolling-fog-143","#c7bdb0"
"Silt 40","silt-40","#988c7e"
"Attic II 144","attic-ii-144","#6f6761"
"Felt 145","felt-145","#796963"
"Clockface 81","clockface-81","#edeade"
"Acre 76","acre-76","#dbd2be"
"Stone-Mid-Cool 66","stone-mid-cool-66","#d3c6ab"
"Stone-Dark-Cool 67","stone-dark-cool-67","#c5b9a1"
"Beauvais Lilac 29","beauvais-lilac-29","#dfcbb8"
"Regency Fawn 30","regency-fawn-30","#d1bdaa"
"Button 27","button-27","#c1a797"
"Roman Plaster 31","roman-plaster-31","#bba694"
"Hollyhock 25","hollyhock-25","#ede6db"
"Clay 39","clay-39","#d2c2aa"
"Bath Stone 64","bath-stone-64","#c9b290"
"Stone-Dark-Warm 36","stone-dark-warm-36","#b0997c"
"China Clay 1","china-clay-1","#efe9e3"
"Welcome 109","welcome-109","#dad7d8"
"Mirage II 4","mirage-ii-4","#d2cac7"
"Lt Peachblossom 3","lt-peachblossom-3","#c4ada9"
"Julies Dream 26","julies-dream-26","#efe0d4"
"Shripm Pink 11","shripm-pink-11","#eac0b0"
"Orange Aurora 21","orange-aurora-21","#d47565"
"Firefly 141","firefly-141","#c2484b"
"Chemise 139","chemise-139","#ede2e5"
"Whisper 5","whisper-5","#ddd7de"
"Ashes Of Roses 6","ashes-of-roses-6","#986c67"
"Adventurer 7","adventurer-7","#765557"
"Inner Shell II 10","inner-shell-ii-10","#f3ddcc"
"Tuscany 12","tuscany-12","#d9af9b"
"Terra di Sienna 23","terra-di-sienna-23","#d3a07d"
"Tuscana Red 140","tuscana-red-140","#a1645a"
"Heat 24","heat-24","#ad583d"
"Drummond 16","drummond-16","#a24c41"
"Bronze Red 15","bronze-red-15","#85413d"
"Baked Cherry 14","baked-cherry-14","#884143"
"Rusling 9","rusling-9","#f8efe8"
"Orangerie 19","orangerie-19","#f9e7d3"
"Chream Colour 55","chream-colour-55","#edcfab"
"Middle Buff 122","middle-buff-122","#b57a43"
"White Lead 74","white-lead-74","#f7f2e0"
"French Stone 52","french-stone-52","#f7e2b6"
"Light Gold 53","light-gold-53","#dab76f"
"Yellow-Pink 46","yellow-pink-46","#d2aa60"
"Creamerie 42","creamerie-42","#f8e7c8"
"Indian Sand 54","indian-sand-54","#f7deb8"
"Straw Colour 44","straw-colour-44","#ebc289"
"Light Buff 45","light-buff-45","#d3a76f"
"Batsman 73","batsman-73","#f3eee1"
"Whitening 41","whitening-41","#f1e9da"
"Stone-Pale-Cool 65","stone-pale-cool-65","#ded1b3"
"Chamois 132","chamois-132","#dbc8a3"
"Old Paper II 146","old-paper-ii-146","#f4eade"
"50s Magnolia 28","50s-magnolia-28","#f0e4d0"
"Stone-Pale-Warm 34","stone-pale-warm-34","#e9dac1"
"Stone-Mid-Warm 35","stone-mid-warm-35","#dbc19d"
"First Light 49","first-light-49","#fcf6e2"
"Stargazer 68","stargazer-68","#fbe8b9"
"Carys 148","carys-148","#fae09d"
"Mister David 47","mister-david-47","#ecbe45"
"Lead White 57","lead-white-57","#f0e9da"
"Pitcairn 61","pitcairn-61","#e8d8ba"
"Ivory 62","ivory-62","#ecd6b1"
"Aged Ivory 131","aged-ivory-131","#e0c9a6"
"Custard 133","custard-133","#f2e2b7"
"Woodbine 134","woodbine-134","#e4d3a7"
"Sunlight 135","sunlight-135","#dac489"
"Daffodil 136","daffodil-136","#dfc175"
"Starlings Egg 97","starlings-egg-97","#eef2e9"
"Eau de Nil 90","eau-de-nil-90","#c6c9a1"
"Pea Green 91","pea-green-91","#abbda2"
"Olive Oil 83","olive-oil-83","#d4cead"
"Lemon Tree 69","lemon-tree-69","#e6d5a5"
"Oak Apple 63","oak-apple-63","#d2bb8e"
"Apple 137","apple-137","#c9bf91"
"Boxington 84","boxington-84","#b4a87a"
"Acorn 87","acorn-87","#dddcc5"
"Kitchen Green 85","kitchen-green-85","#c2c4a6"
"Garden 86","garden-86","#8d9c75"
"Mid Bronze Green 125","mid-bronze-green-125","#565f49"
"Linnet 89","linnet-89","#f3efcf"
"Pale Lime 70","pale-lime-70","#c8bf6f"
"Citrine 71","citrine-71","#97894d"
"Olive Colour 72","olive-colour-72","#626446"
"Gauze 106","gauze-106","#e4e6e6"
"Echo 98","echo-98","#e0e9e9"
"Salix 99","salix-99","#c6cfc6"
"Aquamarine 138","aquamarine-138","#aab9ab"
"Pearl Colour 100","pearl-colour-100","#d1d4cc"
"Tracery II 78","tracery-ii-78","#c3c3b5"
"Normandy Grey 79","normandy-grey-79","#b1b09d"
"Sage Green 80","sage-green-80","#868973"
"Green Verditer 92","green-verditer-92","#8cc5aa"
"Turquoise Blue 93","turquoise-blue-93","#7ab6a9"
"Canton 94","canton-94","#538a8a"
"Marine Blue 95","marine-blue-95","#396f7a"
"Gentle Sky 102","gentle-sky-102","#cbe4e8"
"Sky Blue 103","sky-blue-103","#9bc2cd"
"Polar Blue 121","polar-blue-121","#72b2bd"
"Blue Verditer 104","blue-verditer-104","#74a8c1"
"Weekend 110","weekend-110","#c0c3d6"
"Clockwise 111","clockwise-111","#b5bfe3"
"Mambo 112","mambo-112","#636eb2"
"Thai Sapphire 116","thai-sapphire-116","#413c5f"
"Celestial Blue 101","celestial-blue-101","#aabbbb"
"Bone China Blue 107","bone-china-blue-107","#a6b2b6"
"James 108","james-108","#96abbd"
"Juniper Ash 115","juniper-ash-115","#6b7686"
"Secret Shell 2","secret-shell-2","#f4e2e8"
"Mischief 13","mischief-13","#a35577"
"Palatine 147","palatine-147","#6f5d9b"
"Purple Brown 8","purple-brown-8","#4c413f"
"Spanish Brown 32","spanish-brown-32","#5e4a42"
"Invisible Green 56","invisible-green-56","#595545"
"Chocolate Colour 124","chocolate-colour-124","#49423f"
"Jack Black 119","jack-black-119","#3b3b3b"