"BMS 1635 Bomag gelb","bms-1635-bomag-gelb","#f7c22e"
"BMS 281 Caterpillar gelb","bms-281-caterpillar-gelb","#be8738"
"BMS 1656 Caterpillar gelb","bms-1656-caterpillar-gelb","#bd8737"
"LM 288 Clayson gelb","lm-288-clayson-gelb","#e2aa49"
"LM 215 Clayson gelb New Holland","lm-215-clayson-gelb-new-holland","#dfb63f"
"LM 1209 David Brown beige","lm-1209-david-brown-beige","#ebddc4"
"LM 1223 Fiat Agri beige","lm-1223-fiat-agri-beige","#d3ccaa"
"BMS 1475 Hyster gelb","bms-1475-hyster-gelb","#d39742"
"BMS 1352 JCB yellow","bms-1352-jcb-yellow","#f59c00"
"LM 217 John Deere gelb","lm-217-john-deere-gelb","#ffce36"
"BMS 2294 Jungheinrich Yale gelb","bms-2294-jungheinrich-yale-gelb","#d8891b"
"BMS 1446 Komatsu natural yellow","bms-1446-komatsu-natural-yellow","#e29f00"
"BMS 1222 KramerINeuson gelb","bms-1222-kramerineuson-gelb","#e3a100"
"LM 216 Krone Aufbau creme","lm-216-krone-aufbau-creme","#ebc484"
"LM 1229 Krone creme NEU","lm-1229-krone-creme-neu","#f3c276"
"BMS 1108 Liebherr gelb","bms-1108-liebherr-gelb","#d78d20"
"BMS 1395 Liebherr gelb neu","bms-1395-liebherr-gelb-neu","#cf8718"
"LM 1865 New Holland gelb","lm-1865-new-holland-gelb","#eaaf2c"
"LM 1622 New Holland gelb Mahdrescher","lm-1622-new-holland-gelb-mahdrescher","#faad00"
"LM 1101 P2-Zweegers beige","lm-1101-p2-zweegers-beige","#bdab75"
"LM 285 Renault gelb","lm-285-renault-gelb","#e97800"
"LM 1228 Same elfenbein","lm-1228-same-elfenbein","#e8d4ad"
"LM 293 Schluter Felgenbeige","lm-293-schluter-felgenbeige","#a98d63"
"LM 1232 Vicon gelb","lm-1232-vicon-gelb","#ddae6f"
"BMS 1130 Volvo Baumaschinen gelb","bms-1130-volvo-baumaschinen-gelb","#e29b00"
"BMS 1116 Zeppelin CAT gelb","bms-1116-zeppelin-cat-gelb","#bf842f"
"BMS 2135 Atlas orange","bms-2135-atlas-orange","#d2481c"
"LM 238 Fiat-Agri orange","lm-238-fiat-agri-orange","#c35421"
"BMS 2306 Fiat Kobelco orange","bms-2306-fiat-kobelco-orange","#de5600"
"BMS 2312 Hitachi orange","bms-2312-hitachi-orange","#d05402"
"LM 2139 Howard orange","lm-2139-howard-orange","#ba4a1f"
"LM 286 Maschio orange","lm-286-maschio-orange","#db5500"
"BMS 2257 Steinbock orange","bms-2257-steinbock-orange","#e55811"
"BMS 2256 Still orange","bms-2256-still-orange","#d86200"
"BMS 2284 Toyota orange","bms-2284-toyota-orange","#c54c29"
"LM 3276 Bergmann rot","lm-3276-bergmann-rot","#a42c1c"
"LM 278 Case international rot","lm-278-case-international-rot","#831d1b"
"LM 3162 David Brown rot","lm-3162-david-brown-rot","#941b1a"
"LM 3165 Fahr rot","lm-3165-fahr-rot","#951b1a"
"LM 280 Fella rot","lm-280-fella-rot","#b42b21"
"LM 239 Grimme rot","lm-239-grimme-rot","#b22407"
"LM 3171 Valmet rot","lm-3171-valmet-rot","#b22406"
"LM 3246 IHC rot 332 NEU","lm-3246-ihc-rot-332-neu","#9e1a1a"
"LM 219 IHC MC Cormik rot","lm-219-ihc-mc-cormik-rot","#7e020f"
"LM 241 Kuhn 2 rot","lm-241-kuhn-2-rot","#be2314"
"LM 3266 Kverneland rot","lm-3266-kverneland-rot","#a9060d"
"BMS 3452 Manitou rot","bms-3452-manitou-rot","#b12019"
"LM 235 Mengele rot","lm-235-mengele-rot","#b11a0a"
"LM 3152 Spagele rot","lm-3152-spagele-rot","#b11a0a"
"LM 224 Niedermeyer rot","lm-224-niedermeyer-rot","#ab201a"
"LM 3172 Krone rot NEU","lm-3172-krone-rot-neu","#ab201a"
"LM 3174 CS rot","lm-3174-cs-rot","#ab201a"
"LM 3241 Manitou rot","lm-3241-manitou-rot","#ab1f1a"
"LM 236 Pottinger rot","lm-236-pottinger-rot","#b81508"
"LM 237 Same rot","lm-237-same-rot","#c02a10"
"LM 287 Same rot NEU","lm-287-same-rot-neu","#b63518"
"LM 277 Schluter rot","lm-277-schluter-rot","#ae1d23"
"LM 3167 Steyr Chassis rot","lm-3167-steyr-chassis-rot","#6a1411"
"LM 289 Stoll rot","lm-289-stoll-rot","#a51d14"
"LM 3166 Rauch rot","lm-3166-rauch-rot","#a51d13"
"BMS 3374 Takeuschi rot","bms-3374-takeuschi-rot","#9e1d24"
"BMS 3124 Volvo rot","bms-3124-volvo-rot","#8e2324"
"LM 2338 Deutz blau 84","lm-2338-deutz-blau-84","#202428"
"LM 227 Eicher alpenblau","lm-227-eicher-alpenblau","#66808a"
"LM 230 Eicher hellblau","lm-230-eicher-hellblau","#3483a0"
"LM 228 Eicher kurierblau","lm-228-eicher-kurierblau","#517a86"
"LM 248 Fiat-Agri blau","lm-248-fiat-agri-blau","#2f434b"
"LM 259 Ford blau","lm-259-ford-blau","#005571"
"LM 5200 Hanomag blaugrun","lm-5200-hanomag-blaugrun","#1c535c"
"LM 255 Lamborghini blau","lm-255-lamborghini-blau","#181c21"
"LM 5203 Landini blau","lm-5203-landini-blau","#3a79b2"
"LM 5195 Lanz blau","lm-5195-lanz-blau","#2b4c58"
"LM 5197 Lemken blau 93 NEU","lm-5197-lemken-blau-93-neu","#0086b2"
"LM 232 Mengele nlau","lm-232-mengele-nlau","#358fa1"
"LM 279 Mengele blau 79","lm-279-mengele-blau-79","#3f8897"
"LM 234 Rabe blau","lm-234-rabe-blau","#005b83"
"LM 231 Same blau","lm-231-same-blau","#1c283d"
"LM 5139 Steyr Mahbalken blau","lm-5139-steyr-mahbalken-blau","#1b263b"
"LM 233 Schmotzer blau","lm-233-schmotzer-blau","#006c9d"
"LM 6243 Agria grun","lm-6243-agria-grun","#64821d"
"LM 6111 Allgaier grun","lm-6111-allgaier-grun","#2d5436"
"LM 270 Amazone grun","lm-270-amazone-grun","#4c682f"
"LM 6244 Brantner grun","lm-6244-brantner-grun","#627c59"
"LM 205 Claas Saatengrun","lm-205-claas-saatengrun","#999920"
"LM 6361 Deutz grun 06","lm-6361-deutz-grun-06","#1b6733"
"LM 203 Deutz grun hell 74","lm-203-deutz-grun-hell-74","#529429"
"LM 262 Eberhard grun","lm-262-eberhard-grun","#54672d"
"LM 208 Fendt grun NEU 98","lm-208-fendt-grun-neu-98","#546f47"
"LM 266 Fendt grun","lm-266-fendt-grun","#546f47"
"LM 6211 Gulder grun","lm-6211-gulder-grun","#407644"
"LM 206 Holder grun","lm-206-holder-grun","#537e4b"
"LM 0206-D Holder grun Alt","lm-0206-d-holder-grun-alt","#3b6848"
"LM 268 John Deere grun","lm-268-john-deere-grun","#2f6225"
"LM 261 Krone grun","lm-261-krone-grun","#455f2e"
"LM 264 Kruger grun","lm-264-kruger-grun","#00a887"
"LM 6107 Kverneland grun","lm-6107-kverneland-grun","#015133"
"LM 6219 Lanz grun","lm-6219-lanz-grun","#2e4828"
"LM 207 MAN grun","lm-207-man-grun","#567a60"
"LM 6841 MB Trac hellgrun","lm-6841-mb-trac-hellgrun","#bbc054"
"LM 6648 Reisch grun NEU","lm-6648-reisch-grun-neu","#007741"
"LM 201 Reisch grun","lm-201-reisch-grun","#437056"
"LM 273 Rohr grun","lm-273-rohr-grun","#587b61"
"LM 6374 Schluter grun hell","lm-6374-schluter-grun-hell","#547545"
"LM 6620 Stetzl grun","lm-6620-stetzl-grun","#35602e"
"LM 202 Stoll grun","lm-202-stoll-grun","#8fa221"
"LM 6223 Stoll grun NEU","lm-6223-stoll-grun-neu","#749733"
"LM 276 Strautmann grun","lm-276-strautmann-grun","#748a26"
"LM 274 Strautmann olivgrun","lm-274-strautmann-olivgrun","#85825c"
"DB 6277 Unimog meergrun","db-6277-unimog-meergrun","#576d55"
"LM 275 Unsinn grun 85","lm-275-unsinn-grun-85","#428856"
"LM 272 Unsinn grun hell","lm-272-unsinn-grun-hell","#1e874f"
"LM 200 Unsinn grun","lm-200-unsinn-grun","#34745c"
"LM 6128 Kirchner grun","lm-6128-kirchner-grun","#34745c"
"LM 209 Welger grun","lm-209-welger-grun","#516348"
"LM 271 Zetor dunkelgrun","lm-271-zetor-dunkelgrun","#212928"
"BMS 7448 Bomag anthrazit dunkel","bms-7448-bomag-anthrazit-dunkel","#2c3032"
"LM 243 Claas grau","lm-243-claas-grau","#c0bfb2"
"LM 243 Ford grau NEU","lm-243-ford-grau-neu","#c0bfb2"
"LM 229 Eicher anthrazitgrau","lm-229-eicher-anthrazitgrau","#464741"
"LM 245 Fendt grau","lm-245-fendt-grau","#444342"
"LM 240 Ferguson grau","lm-240-ferguson-grau","#3a3231"
"LM 7278 Ford dunkelgrau","lm-7278-ford-dunkelgrau","#373b3d"
"LM 7179 Holder dunkelgrau","lm-7179-holder-dunkelgrau","#4a5056"
"BMS 7452 Komatsu schwarzgrau","bms-7452-komatsu-schwarzgrau","#2c2f31"
"BMS 7452 Bomag anthrazit","bms-7452-bomag-anthrazit","#2c2f32"
"BMS 7840 Liebherr grau SM","bms-7840-liebherr-grau-sm","#505352"
"LM 242 Renault anthrazit","lm-242-renault-anthrazit","#3e3b39"
"LM 244 Same dunkelgrau NEU","lm-244-same-dunkelgrau-neu","#21201f"
"LM 7183 Hurlimann dunkelgrau","lm-7183-hurlimann-dunkelgrau","#21201f"
"BMS 7404 Takeuschi hellgrau","bms-7404-takeuschi-hellgrau","#b9baac"
"BMS 7454 Volvo grau SM NEU","bms-7454-volvo-grau-sm-neu","#494544"
"LM 246 Fiat Agri braun","lm-246-fiat-agri-braun","#ebead7"
"LM 223 Fiat Agri braun","lm-223-fiat-agri-braun","#2d201d"
"LM 284 Fiat Agri rotbraun","lm-284-fiat-agri-rotbraun","#873119"
"LM 8122 Krone Erntewagen hellbraun 8129","lm-8122-krone-erntewagen-hellbraun-8129","#8b6b35"
"LM 9388 Landini schwarzgrau","lm-9388-landini-schwarzgrau","#252427"
"BMS 7155 Atlas anthrazit","bms-7155-atlas-anthrazit","#4f4f49"
"BMS 9432 Bobcat white","bms-9432-bobcat-white","#e4e1d1"
"LM 291 Aufbauten wei","lm-291-aufbauten-wei","#d8ceb2"
"BMS 9378 Liebherr wei","bms-9378-liebherr-wei","#d1cfbf"
"LM 295 Renault wei","lm-295-renault-wei","#e4dcc3"
"LM 225 Motorblock silber","lm-225-motorblock-silber","#8f8b84"
"LM 226 Fendt diamantgrau metallic","lm-226-fendt-diamantgrau-metallic","#6e665a"